{
  "b_c_transform": {
    "position": [
      0.9701859593948813,
      -0.4356854140924836, 
      0.7107081819267459
    ],
    "orientation": [
      0.7939437344151437,
      0.3054121941583775,
      -0.14286140286401987,
      -0.48706920856602026
    ],
    "T": [
      [
        0.7351661347003873,
        0.3580683961107963,
        -0.5756021004968045,
        0.9571859593948813
      ],
      [
        0.675367494506516,
        -0.3137409799198015,
        0.6674169198356845,
        -0.39956854140924836
      ],
      [
        0.05839093896900808,
        -0.8794052656344539,
        -0.4724794990480679,
        0.6857081819267459
      ],
      [
        0.0,
        0.0,
        0.0,
        1.0
      ]
    ]
  }
}