{
  "b_c_transform": {
    "position": [
      0.9080179608231692,
      -0.42260362333742524,
      0.7064327625606602
    ],
    "orientation": [
      0.7991000006306128,
      0.3345885148171906,
      -0.13073177943861775,
      -0.4820777080403052
    ],
    "T": [
      [
        0.7419194551944785,
        0.40869361160322687,
        -0.5315308587830433,
        0.9080179608231692
      ],
      [
        0.6607851180024247,
        -0.311303218326066,
        0.6829738897544737,
        -0.42260362333742524
      ],
      [
        0.11365979865568089,
        -0.8579392974415757,
        -0.5010205705108379,
        0.7064327625606602
      ],
      [
        0.0,
        0.0,
        0.0,
        1.0
      ]
    ]
  }
}